Workbook

Sheet ダッシュボード
D2: 2022年 | E2: 2022年 | F2: 2023年 | G2: 2023年 | H2: 2024年 | I2: 2024年
D3: 上期 | E3: 下期 | F3: 上期 | G3: 下期 | H3: 上期 | I3: 下期
B4: 東京 | C4: 売上 | D4: =_xlfn.XLOOKUP(D$2&"6月",Tokyo!$D$4:$O$4,Tokyo!$D$10:$O$10) -> 32066309 | E4: =_xlfn.XLOOKUP(E$2&"12月",Tokyo!$D$4:$O$4,Tokyo!$D$10:$O$10)-D4 -> 31747701 | F4: =_xlfn.XLOOKUP(F$2&"6月",Tokyo!$D$4:$O$4,Tokyo!$D$10:$O$10) -> 31542556 | G4: =_xlfn.XLOOKUP(G$2&"12月",Tokyo!$D$4:$O$4,Tokyo!$D$10:$O$10)-F4 -> 32363987 | H4: =_xlfn.XLOOKUP(H$2&"6月",Tokyo!$D$4:$O$4,Tokyo!$D$10:$O$10) -> 31864513 | I4: =_xlfn.XLOOKUP(I$2&"12月",Tokyo!$D$4:$O$4,Tokyo!$D$10:$O$10)-H4 -> 31363539
C5: 経費 | D5: =_xlfn.XLOOKUP(D$2&"6月",Tokyo!$D$13:$O$13,Tokyo!$D$19:$O$19) -> 8293211 | E5: =_xlfn.XLOOKUP(E$2&"12月",Tokyo!$D$13:$O$13,Tokyo!$D$19:$O$19)-D5 -> 8311696 | F5: =_xlfn.XLOOKUP(F$2&"6月",Tokyo!$D$13:$O$13,Tokyo!$D$19:$O$19) -> 8133154 | G5: =_xlfn.XLOOKUP(G$2&"12月",Tokyo!$D$13:$O$13,Tokyo!$D$19:$O$19)-F5 -> 8266496 | H5: =_xlfn.XLOOKUP(H$2&"6月",Tokyo!$D$13:$O$13,Tokyo!$D$19:$O$19) -> 8118650 | I5: =_xlfn.XLOOKUP(I$2&"12月",Tokyo!$D$13:$O$13,Tokyo!$D$19:$O$19)-H5 -> 8304827
C6: 利益 | D6: =D4-D5 -> 23773098 | E6: =E4-E5 -> 23436005 | F6: =F4-F5 -> 23409402 | G6: =G4-G5 -> 24097491 | H6: =H4-H5 -> 23745863 | I6: =I4-I5 -> 23058712
B7: 大阪 | C7: 売上 | D7: =_xlfn.XLOOKUP(D$2&"3月",Osaka!$D$4:$O$4,Osaka!$D$9:$O$9)+_xlfn.XLOOKUP(D$2&"6月",Osaka!$D$4:$O$4,Osaka!$D$9:$O$9) -> 8685472 | E7: =_xlfn.XLOOKUP(E$2&"9月",Osaka!$D$4:$O$4,Osaka!$D$9:$O$9)+_xlfn.XLOOKUP(E$2&"12月",Osaka!$D$4:$O$4,Osaka!$D$9:$O$9) -> 8423949 | F7: =_xlfn.XLOOKUP(F$2&"3月",Osaka!$D$4:$O$4,Osaka!$D$9:$O$9)+_xlfn.XLOOKUP(F$2&"6月",Osaka!$D$4:$O$4,Osaka!$D$9:$O$9) -> 8283939 | G7: =_xlfn.XLOOKUP(G$2&"9月",Osaka!$D$4:$O$4,Osaka!$D$9:$O$9)+_xlfn.XLOOKUP(G$2&"12月",Osaka!$D$4:$O$4,Osaka!$D$9:$O$9) -> 8712481 | H7: =_xlfn.XLOOKUP(H$2&"3月",Osaka!$D$4:$O$4,Osaka!$D$9:$O$9)+_xlfn.XLOOKUP(H$2&"6月",Osaka!$D$4:$O$4,Osaka!$D$9:$O$9) -> 8306843 | I7: =_xlfn.XLOOKUP(I$2&"9月",Osaka!$D$4:$O$4,Osaka!$D$9:$O$9)+_xlfn.XLOOKUP(I$2&"12月",Osaka!$D$4:$O$4,Osaka!$D$9:$O$9) -> 8896525
C8: 経費 | D8: =_xlfn.XLOOKUP(D$2&"3月",Osaka!$D$4:$O$4,Osaka!$D$18:$O$18)+_xlfn.XLOOKUP(D$2&"6月",Osaka!$D$4:$O$4,Osaka!$D$18:$O$18) -> 2757551 | E8: =_xlfn.XLOOKUP(E$2&"9月",Osaka!$D$4:$O$4,Osaka!$D$18:$O$18)+_xlfn.XLOOKUP(E$2&"12月",Osaka!$D$4:$O$4,Osaka!$D$18:$O$18) -> 2655238 | F8: =_xlfn.XLOOKUP(F$2&"3月",Osaka!$D$4:$O$4,Osaka!$D$18:$O$18)+_xlfn.XLOOKUP(F$2&"6月",Osaka!$D$4:$O$4,Osaka!$D$18:$O$18) -> 2777176 | G8: =_xlfn.XLOOKUP(G$2&"9月",Osaka!$D$4:$O$4,Osaka!$D$18:$O$18)+_xlfn.XLOOKUP(G$2&"12月",Osaka!$D$4:$O$4,Osaka!$D$18:$O$18) -> 2764608 | H8: =_xlfn.XLOOKUP(H$2&"3月",Osaka!$D$4:$O$4,Osaka!$D$18:$O$18)+_xlfn.XLOOKUP(H$2&"6月",Osaka!$D$4:$O$4,Osaka!$D$18:$O$18) -> 2764378 | I8: =_xlfn.XLOOKUP(I$2&"9月",Osaka!$D$4:$O$4,Osaka!$D$18:$O$18)+_xlfn.XLOOKUP(I$2&"12月",Osaka!$D$4:$O$4,Osaka!$D$18:$O$18) -> 2715449
C9: 利益 | D9: =D7-D8 -> 5927921 | E9: =E7-E8 -> 5768711 | F9: =F7-F8 -> 5506763 | G9: =G7-G8 -> 5947873 | H9: =H7-H8 -> 5542465 | I9: =I7-I8 -> 6181076
B10: 名古屋 | C10: 売上 | D10: =_xlfn.XLOOKUP(D$2&"6月",Nagoya!$D$4:$O$4,Nagoya!$D$10:$O$10) -> 31655086 | E10: =_xlfn.XLOOKUP(E$2&"12月",Nagoya!$D$4:$O$4,Nagoya!$D$10:$O$10)-D10 -> 31955119 | F10: =_xlfn.XLOOKUP(F$2&"6月",Nagoya!$D$4:$O$4,Nagoya!$D$10:$O$10) -> 32339225 | G10: =_xlfn.XLOOKUP(G$2&"12月",Nagoya!$D$4:$O$4,Nagoya!$D$10:$O$10)-F10 -> 31413209 | H10: =_xlfn.XLOOKUP(H$2&"6月",Nagoya!$D$4:$O$4,Nagoya!$D$10:$O$10) -> 32179746 | I10: =_xlfn.XLOOKUP(I$2&"12月",Nagoya!$D$4:$O$4,Nagoya!$D$10:$O$10)-H10 -> 31676664
C11: 経費 | D11: =_xlfn.XLOOKUP(D$2&"6月",Nagoya!$D$4:$O$4,Nagoya!$D$20:$O$20) -> 8172451 | E11: =_xlfn.XLOOKUP(E$2&"12月",Nagoya!$D$4:$O$4,Nagoya!$D$20:$O$20)-D11 -> 8343962 | F11: =_xlfn.XLOOKUP(F$2&"6月",Nagoya!$D$4:$O$4,Nagoya!$D$20:$O$20) -> 8153094 | G11: =_xlfn.XLOOKUP(G$2&"12月",Nagoya!$D$4:$O$4,Nagoya!$D$20:$O$20)-F11 -> 8512634 | H11: =_xlfn.XLOOKUP(H$2&"6月",Nagoya!$D$4:$O$4,Nagoya!$D$20:$O$20) -> 8323882 | I11: =_xlfn.XLOOKUP(I$2&"12月",Nagoya!$D$4:$O$4,Nagoya!$D$20:$O$20)-H11 -> 8235565
C12: 利益 | D12: =D10-D11 -> 23482635 | E12: =E10-E11 -> 23611157 | F12: =F10-F11 -> 24186131 | G12: =G10-G11 -> 22900575 | H12: =H10-H11 -> 23855864 | I12: =I10-I11 -> 23441099

Sheet Tokyo
B2: ■東京店舗データ
D3: 記帳日
C4: 売上 | D4: 2022年3月 | E4: 2022年6月 | F4: 2022年9月 | G4: 2022年12月 | H4: 2023年3月 | I4: 2023年6月 | J4: 2023年9月 | K4: 2023年12月 | L4: 2024年3月 | M4: 2024年6月 | N4: 2024年9月 | O4: 2024年12月
C5: 生鮮食品売上 | D5: 3204959 | E5: 6566622 | F5: 9742787 | G5: 12845206 | H5: 3289948 | I5: 6447561 | J5: 9749984 | K5: 13006730 | L5: 3349729 | M5: 6369905 | N5: 9353644 | O5: 12602694
C6: 加工食品売上 | D6: 3164166 | E6: 6277424 | F6: 9758392 | G6: 12792169 | H6: 3109373 | I6: 6293548 | J6: 9635533 | K6: 12860053 | L6: 3406379 | M6: 6526462 | N6: 9640212 | O6: 12995270
C7: 菓子売上 | D7: 3261476 | E7: 6517662 | F7: 9475169 | G7: 12695399 | H7: 2857033 | I7: 6343029 | J7: 9492534 | K7: 12626353 | L7: 3091084 | M7: 6250403 | N7: 9450465 | O7: 12262153
C8: 飲料売上 | D8: 3322034 | E8: 6388563 | F8: 9849131 | G8: 12779348 | H8: 3241988 | I8: 6205542 | J8: 9404242 | K8: 12787126 | L8: 3290792 | M8: 6443415 | N8: 9610651 | O8: 12891531
C9: 惣菜売上 | D9: 3036327 | E9: 6316038 | F9: 9622005 | G9: 12701888 | H9: 3151893 | I9: 6252876 | J9: 9287522 | K9: 12626281 | L9: 3236007 | M9: 6274328 | N9: 9415457 | O9: 12476404
C10: 売上合計 | D10: =SUM(D5:D9) -> 15988962 | E10: =SUM(E5:E9) -> 32066309 | F10: =SUM(F5:F9) -> 48447484 | G10: =SUM(G5:G9) -> 63814010 | H10: =SUM(H5:H9) -> 15650235 | I10: =SUM(I5:I9) -> 31542556 | J10: =SUM(J5:J9) -> 47569815 | K10: =SUM(K5:K9) -> 63906543 | ... O10: =SUM(O5:O9) -> 63228052
D12: 記帳日
C13: 経費 | D13: 2022年3月 | E13: 2022年6月 | F13: 2022年9月 | G13: 2022年12月 | H13: 2023年3月 | I13: 2023年6月 | J13: 2023年9月 | K13: 2023年12月 | L13: 2024年3月 | M13: 2024年6月 | N13: 2024年9月 | O13: 2024年12月
C14: 人件費 | D14: 838073 | E14: 1666021 | F14: 2499364 | G14: 3305653 | H14: 753203 | I14: 1608767 | J14: 2385775 | K14: 3238716 | L14: 800548 | M14: 1635537 | N14: 2458866 | O14: 3314736
C15: 水道光熱費 | D15: 792061 | E15: 1600945 | F15: 2444794 | G15: 3313565 | H15: 826414 | I15: 1665027 | J15: 2472951 | K15: 3324700 | L15: 850715 | M15: 1612523 | N15: 2451456 | O15: 3273009
C16: 広告宣伝費 | D16: 867623 | E16: 1713727 | F16: 2548187 | G16: 3373357 | H16: 836609 | I16: 1611788 | J16: 2447087 | K16: 3240510 | L16: 816636 | M16: 1658010 | N16: 2463229 | O16: 3249683
C17: 物流費 | D17: 831596 | E17: 1671509 | F17: 2491550 | G17: 3315405 | H17: 838762 | I17: 1641899 | J17: 2479608 | K17: 3273806 | L17: 790040 | M17: 1514670 | N17: 2371245 | O17: 3260241
C18: その他経費 | D18: 800123 | E18: 1641009 | F18: 2444023 | G18: 3296927 | H18: 790941 | I18: 1605673 | J18: 2476345 | K18: 3321918 | L18: 840508 | M18: 1697910 | N18: 2503224 | O18: 3325808
C19: 経費合計 | D19: =SUM(D14:D18) -> 4129476 | E19: =SUM(E14:E18) -> 8293211 | F19: =SUM(F14:F18) -> 12427918 | G19: =SUM(G14:G18) -> 16604907 | H19: =SUM(H14:H18) -> 4045929 | I19: =SUM(I14:I18) -> 8133154 | J19: =SUM(J14:J18) -> 12261766 | K19: =SUM(K14:K18) -> 16399650 | ... O19: =SUM(O14:O18) -> 16423477
C21: 利益 | D21: =D10-D19 -> 11859486 | E21: =E10-E19 -> 23773098 | F21: =F10-F19 -> 36019566 | G21: =G10-G19 -> 47209103 | H21: =H10-H19 -> 11604306 | I21: =I10-I19 -> 23409402 | J21: =J10-J19 -> 35308049 | K21: =K10-K19 -> 47506893 | ... O21: =O10-O19 -> 46804575

Sheet Osaka
B2: ■大阪店舗データ
D3: 記帳日
C4: 売上 | D4: 2022年3月 | E4: 2022年6月 | F4: 2022年9月 | G4: 2022年12月 | H4: 2023年3月 | I4: 2023年6月 | J4: 2023年9月 | K4: 2023年12月 | L4: 2024年3月 | M4: 2024年6月 | N4: 2024年9月 | O4: 2024年12月
C5: 菓子売上 | D5: 1176494 | E5: 1011344 | F5: 1024692 | G5: 1125960 | H5: 933154 | I5: 1037337 | J5: 1001043 | K5: 967560 | L5: 1041820 | M5: 1040990 | N5: 1024188 | O5: 1197323
C6: 飲料売上 | D6: 1109530 | E6: 1090252 | F6: 1009987 | G6: 1004080 | H6: 1107631 | I6: 1062836 | J6: 1111000 | K6: 1108528 | L6: 1098891 | M6: 997190 | N6: 1049766 | O6: 1229158
C7: おもちゃ売上 | D7: 1045043 | E7: 1084446 | F7: 1028860 | G7: 1083707 | H7: 992899 | I7: 1066685 | J7: 1103376 | K7: 1059819 | L7: 992326 | M7: 1190781 | N7: 989218 | O7: 1192334
C8: 日用品売上 | D8: 1200376 | E8: 967987 | F8: 1098343 | G8: 1048320 | H8: 964797 | I8: 1118600 | J8: 1186486 | K8: 1174669 | L8: 974856 | M8: 969989 | N8: 1165326 | O8: 1049212
C9: 売上合計 | D9: =SUM(D5:D8) -> 4531443 | E9: =SUM(E5:E8) -> 4154029 | F9: =SUM(F5:F8) -> 4161882 | G9: =SUM(G5:G8) -> 4262067 | H9: =SUM(H5:H8) -> 3998481 | I9: =SUM(I5:I8) -> 4285458 | J9: =SUM(J5:J8) -> 4401905 | K9: =SUM(K5:K8) -> 4310576 | ... O9: =SUM(O5:O8) -> 4668027
E10: =D9+E9 -> 8685472 | G10: =F9+G9 -> 8423949 | I10: =H9+I9 -> 8283939 | K10: =J9+K9 -> 8712481 | M10: =L9+M9 -> 8306843 | O10: =N9+O9 -> 8896525
D11: 記帳日
C12: 経費 | D12: 2022年3月 | E12: 2022年6月 | F12: 2022年9月 | G12: 2022年12月 | H12: 2023年3月 | I12: 2023年6月 | J12: 2023年9月 | K12: 2023年12月 | L12: 2024年3月 | M12: 2024年6月 | N12: 2024年9月 | O12: 2024年12月
C13: 人件費 | D13: 244267 | E13: 260047 | F13: 269918 | G13: 292278 | H13: 273869 | I13: 288131 | J13: 238755 | K13: 252276 | L13: 272075 | M13: 246165 | N13: 243576 | O13: 273470
C14: 広告宣伝費 | D14: 276592 | E14: 269961 | F14: 245674 | G14: 239815 | H14: 297021 | I14: 262472 | J14: 289489 | K14: 306708 | L14: 284569 | M14: 270937 | N14: 222243 | O14: 290643
C15: 物流費 | D15: 300244 | E15: 273644 | F15: 261886 | G15: 300571 | H15: 285605 | I15: 258601 | J15: 275721 | K15: 245755 | L15: 288317 | M15: 274630 | N15: 227105 | O15: 321929
C16: その他経費 | D16: 297835 | E16: 295860 | F16: 291914 | G16: 235532 | H16: 282796 | I16: 314848 | J16: 294864 | K16: 279920 | L16: 299540 | M16: 265409 | N16: 260479 | O16: 304928
C17: 販管費 | D17: 272315 | E17: 266786 | F17: 255399 | G17: 262251 | H17: 245974 | I17: 267859 | J17: 301375 | K17: 279745 | L17: 281798 | M17: 280938 | N17: 301131 | O17: 269945
C18: 経費合計 | D18: =SUM(D13:D17) -> 1391253 | E18: =SUM(E13:E17) -> 1366298 | F18: =SUM(F13:F17) -> 1324791 | G18: =SUM(G13:G17) -> 1330447 | H18: =SUM(H13:H17) -> 1385265 | I18: =SUM(I13:I17) -> 1391911 | J18: =SUM(J13:J17) -> 1400204 | K18: =SUM(K13:K17) -> 1364404 | ... O18: =SUM(O13:O17) -> 1460915
C20: 利益 | D20: =D9-D18 -> 3140190 | E20: =E9-E18 -> 2787731 | F20: =F9-F18 -> 2837091 | G20: =G9-G18 -> 2931620 | H20: =H9-H18 -> 2613216 | I20: =I9-I18 -> 2893547 | J20: =J9-J18 -> 3001701 | K20: =K9-K18 -> 2946172 | ... O20: =O9-O18 -> 3207112

Sheet Nagoya
B2: ■名古屋店舗データ
D3: 記帳日
C4: 売上 | D4: 2022年6月 | E4: 2022年12月 | F4: 2023年6月 | G4: 2023年12月 | H4: 2024年6月 | I4: 2024年12月
C5: 生鮮食品売上 | D5: 6082384 | E5: 12368527 | F5: 6235380 | G5: 12296516 | H5: 6527741 | I5: 12890940
C6: 菓子売上 | D6: 6236744 | E6: 12572149 | F6: 6573686 | G6: 12768792 | H6: 6541431 | I6: 12676590
C7: 飲料売上 | D7: 6150398 | E7: 12487508 | F7: 6682586 | G7: 13286389 | H7: 6276723 | I7: 12651232
C8: 惣菜売上 | D8: 6597950 | E8: 13076639 | F8: 6454387 | G8: 12754278 | H8: 6125509 | I8: 12573952
C9: 日用品売上 | D9: 6587610 | E9: 13105382 | F9: 6393186 | G9: 12646459 | H9: 6708342 | I9: 13063696
C10: 売上合計 | D10: =SUM(D5:D9) -> 31655086 | E10: =SUM(E5:E9) -> 63610205 | F10: =SUM(F5:F9) -> 32339225 | G10: =SUM(G5:G9) -> 63752434 | H10: =SUM(H5:H9) -> 32179746 | I10: =SUM(I5:I9) -> 63856410
D13: 記帳日
C14: 経費 | D14: 2022年6月 | E14: 2022年12月 | F14: 2023年6月 | G14: 2023年12月 | H14: 2024年6月 | I14: 2024年12月
C15: 人件費 | D15: 1633146 | E15: 3308466 | F15: 1615198 | G15: 3288718 | H15: 1691231 | I15: 3340751
C16: 広告宣伝費 | D16: 1637448 | E16: 3366848 | F16: 1621324 | G16: 3417562 | H16: 1707130 | I16: 3343081
C17: 物流費 | D17: 1596037 | E17: 3246585 | F17: 1640206 | G17: 3350769 | H17: 1733898 | I17: 3394495
C18: その他経費 | D18: 1622945 | E18: 3237852 | F18: 1670436 | G18: 3314760 | H18: 1604432 | I18: 3246287
C19: 雑費 | D19: 1682875 | E19: 3356662 | F19: 1605930 | G19: 3293919 | H19: 1587191 | I19: 3234833
C20: 経費合計 | D20: =SUM(D15:D19) -> 8172451 | E20: =SUM(E15:E19) -> 16516413 | F20: =SUM(F15:F19) -> 8153094 | G20: =SUM(G15:G19) -> 16665728 | H20: =SUM(H15:H19) -> 8323882 | I20: =SUM(I15:I19) -> 16559447
C22: 利益 | D22: =D10-D20 -> 23482635 | E22: =E10-E20 -> 47093792 | F22: =F10-F20 -> 24186131 | G22: =G10-G20 -> 47086706 | H22: =H10-H20 -> 23855864 | I22: =I10-I20 -> 47296963
